<?xml version="1.0" encoding="UTF-8"?>
<item><pubDate>Mon, 29 Apr 2019 08:26:11 +0200</pubDate><title><![CDATA[Aktualnosci ]]></title><url><![CDATA[aktualnosci]]></url><meta><![CDATA[]]></meta><metad><![CDATA[]]></metad><menu><![CDATA[Aktualnosci ]]></menu><menuOrder><![CDATA[2]]></menuOrder><menuStatus><![CDATA[Y]]></menuStatus><template><![CDATA[template.php]]></template><parent><![CDATA[]]></parent><content><![CDATA[&lt;p&gt;bjucfbhvbfjvbfjbvgdfuvjn fgeughfedju&lt;/p&gt;
]]></content><private><![CDATA[]]></private><author><![CDATA[admin]]></author></item>
